Region,Latitude,Longitude,Elevation (m),Rock Type,Soil Composition,Earthquake Frequency,Average Temperature (Â°C)
West,28.87675686,-171.7353135,8407.66547,Sedimentary,"Clay: 29.40%, Sand: 16.83%, Silt: 53.77%",3,-41.6376358
Central,-24.11351039,-137.9884109,3327.16355,Metamorphic,"Clay: 37.83%, Sand: 11.66%, Silt: 50.50%",12,-15.78188403
East,85.10024575,82.3511609,635.887001,Metamorphic,"Clay: 49.50%, Sand: 24.40%, Silt: 26.10%",49,11.72109054
Central,-66.19567682,168.1079032,2300.531636,Sedimentary,"Clay: 17.85%, Sand: 35.78%, Silt: 46.36%",89,-7.800871275
Central,-33.02311218,159.4747123,4656.207375,Sedimentary,"Clay: 11.44%, Sand: 24.10%, Silt: 64.46%",82,30.12727758
South,31.42938378,20.0741661,8810.015125,Metamorphic,"Clay: 30.33%, Sand: 45.07%, Silt: 24.61%",57,-6.468750341
East,56.85570498,171.4541405,618.511533,Igneous,"Clay: 31.38%, Sand: 45.99%, Silt: 22.63%",62,29.17389857
East,-85.88157947,164.725993,7069.801328,Igneous,"Clay: 49.01%, Sand: 34.02%, Silt: 16.97%",50,-2.218739557
East,-21.35862615,-45.12353976,7238.154801,Igneous,"Clay: 35.20%, Sand: 14.55%, Silt: 50.25%",13,-43.51633872
Central,18.23482864,34.13188369,6622.00219,Metamorphic,"Clay: 19.43%, Sand: 45.22%, Silt: 35.35%",21,-33.31140205
West,73.88872515,-120.2360052,1020.211912,Metamorphic,"Clay: 21.53%, Sand: 49.82%, Silt: 28.65%",81,-7.651473042
East,-5.147552413,1.984384916,8033.666643,Igneous,"Clay: 11.30%, Sand: 43.35%, Silt: 45.36%",75,-43.06043106
Central,60.26766169,68.09291403,8626.673459,Metamorphic,"Clay: 29.90%, Sand: 11.65%, Silt: 58.45%",64,44.17543589
South,9.669080365,42.30161561,3073.25913,Sedimentary,"Clay: 42.66%, Sand: 38.83%, Silt: 18.51%",79,-27.30526521
West,-39.74701086,-11.23055836,6077.337118,Sedimentary,"Clay: 14.25%, Sand: 45.66%, Silt: 40.09%",99,23.1444441
South,88.78213069,-3.94128834,1468.01041,Sedimentary,"Clay: 49.91%, Sand: 36.33%, Silt: 13.76%",57,35.66750322
West,-25.5692067,164.8315214,7166.763919,Igneous,"Clay: 46.18%, Sand: 24.53%, Silt: 29.29%",85,27.60635052
Central,66.05104614,-10.05550427,6193.183465,Igneous,"Clay: 20.90%, Sand: 19.72%, Silt: 59.37%",62,-39.7933287
North,-32.94345627,-153.6150308,1944.584179,Igneous,"Clay: 20.63%, Sand: 24.81%, Silt: 54.56%",38,43.02122586
West,-67.98585464,33.97260637,3181.480846,Igneous,"Clay: 13.40%, Sand: 23.32%, Silt: 63.28%",90,20.83574166
South,-87.25182869,81.42088541,7046.004811,Igneous,"Clay: 12.29%, Sand: 36.72%, Silt: 50.99%",58,36.95719256
Central,-79.41339387,-79.42285714,952.0815721,Metamorphic,"Clay: 41.80%, Sand: 15.33%, Silt: 42.87%",99,-40.12540637
West,46.3637541,33.90740535,6313.180447,Igneous,"Clay: 19.57%, Sand: 48.32%, Silt: 32.11%",80,-10.91065627
North,-43.84579379,-113.3503082,2533.751869,Sedimentary,"Clay: 33.83%, Sand: 41.72%, Silt: 24.45%",17,-41.45814922
North,57.41848909,-43.12383029,8738.751324,Igneous,"Clay: 46.20%, Sand: 15.34%, Silt: 38.46%",60,-48.17665804
East,-89.58570406,103.1435277,8257.639615,Igneous,"Clay: 26.24%, Sand: 11.25%, Silt: 62.50%",20,-17.148754
East,-70.44621617,-93.80811927,8626.518545,Igneous,"Clay: 23.74%, Sand: 32.46%, Silt: 43.80%",33,26.45695655
South,-75.04088835,150.8120464,2510.837136,Sedimentary,"Clay: 21.70%, Sand: 49.34%, Silt: 28.96%",4,-32.95827805
West,-11.93665769,-107.0049089,4918.786432,Sedimentary,"Clay: 16.60%, Sand: 27.57%, Silt: 55.82%",31,45.75611052
West,-26.16665238,-26.66242202,8291.450284,Igneous,"Clay: 45.85%, Sand: 21.77%, Silt: 32.37%",3,-27.41784993
East,9.776783545,-117.1034576,2279.036886,Sedimentary,"Clay: 32.91%, Sand: 24.39%, Silt: 42.70%",95,-20.84660645
West,77.58720607,-156.204212,3786.79704,Igneous,"Clay: 42.98%, Sand: 32.68%, Silt: 24.34%",68,40.83161027
West,18.42326749,117.0021918,517.0406869,Sedimentary,"Clay: 28.90%, Sand: 42.74%, Silt: 28.36%",83,6.051161324
North,45.58125758,-67.9094846,4696.076436,Igneous,"Clay: 23.47%, Sand: 34.87%, Silt: 41.65%",48,-21.7753615
East,-58.68526296,43.16810971,2650.957925,Igneous,"Clay: 36.94%, Sand: 24.48%, Silt: 38.58%",59,49.37818097
Central,83.54093545,-95.28184771,6525.188634,Sedimentary,"Clay: 28.04%, Sand: 15.43%, Silt: 56.53%",52,-42.2136108
East,-18.19229497,123.5457285,390.403224,Metamorphic,"Clay: 41.73%, Sand: 27.80%, Silt: 30.47%",44,-46.37841893
Central,-3.03198505,-19.03254821,3832.965778,Igneous,"Clay: 40.31%, Sand: 49.56%, Silt: 10.12%",36,40.17897289
North,58.04012838,67.7409095,1255.558793,Sedimentary,"Clay: 32.36%, Sand: 12.37%, Silt: 55.26%",64,-35.11803645
South,48.9091752,9.20499868,1084.669898,Sedimentary,"Clay: 13.54%, Sand: 25.14%, Silt: 61.32%",19,-17.64899455
West,-13.73214047,117.1786993,4856.122995,Metamorphic,"Clay: 18.51%, Sand: 17.13%, Silt: 64.36%",1,-15.82667674
North,-85.38633078,175.9553693,2091.064345,Metamorphic,"Clay: 44.94%, Sand: 46.58%, Silt: 8.48%",25,20.65942026
West,-62.42855079,161.9080235,1854.165948,Metamorphic,"Clay: 13.46%, Sand: 37.74%, Silt: 48.80%",56,-37.92312547
South,15.42950003,-84.17675657,8017.982988,Igneous,"Clay: 30.57%, Sand: 30.96%, Silt: 38.48%",96,23.1692231
South,-70.5441761,-166.7373347,6567.705013,Sedimentary,"Clay: 13.43%, Sand: 24.01%, Silt: 62.57%",85,-38.28603817
North,55.7785737,-43.61166261,8355.251302,Sedimentary,"Clay: 28.53%, Sand: 14.83%, Silt: 56.64%",61,4.73187882
South,-25.69782353,-90.29768025,860.8069337,Sedimentary,"Clay: 46.13%, Sand: 26.11%, Silt: 27.76%",88,32.68050905
Central,85.45540893,-23.70082005,8127.293758,Igneous,"Clay: 42.69%, Sand: 33.33%, Silt: 23.99%",63,-9.110186023
South,-71.51746714,66.12301404,3679.030745,Sedimentary,"Clay: 21.88%, Sand: 24.68%, Silt: 53.44%",7,30.5242447
West,-59.26553512,-90.1289722,3065.066715,Igneous,"Clay: 26.19%, Sand: 21.70%, Silt: 52.11%",17,-20.07220223
West,38.69717315,-114.2340607,3090.653548,Sedimentary,"Clay: 31.64%, Sand: 44.86%, Silt: 23.50%",67,-33.0305978
West,-35.83094735,-39.53100152,3882.621316,Sedimentary,"Clay: 17.72%, Sand: 15.74%, Silt: 66.53%",5,36.40020454
West,-35.49840076,-145.4114635,1213.128664,Sedimentary,"Clay: 18.90%, Sand: 12.04%, Silt: 69.06%",72,1.360512278
Central,-23.32097437,-123.5821917,7045.414565,Igneous,"Clay: 43.01%, Sand: 30.85%, Silt: 26.14%",43,-9.837973904
East,32.36387901,118.8930159,2128.417282,Metamorphic,"Clay: 27.37%, Sand: 26.09%, Silt: 46.55%",27,-39.57497944
North,69.90037315,-127.4844823,6649.592249,Igneous,"Clay: 14.38%, Sand: 43.38%, Silt: 42.23%",61,44.3037169
West,31.66414965,116.1575442,5910.576809,Igneous,"Clay: 33.96%, Sand: 30.64%, Silt: 35.40%",67,-1.957611951
South,-14.56350667,-10.51894017,3743.892831,Metamorphic,"Clay: 42.36%, Sand: 32.69%, Silt: 24.95%",83,32.91581104
West,-69.09283397,-35.792363,2714.813077,Sedimentary,"Clay: 25.45%, Sand: 42.33%, Silt: 32.22%",73,44.98806309
South,-23.73561105,82.86746097,6922.239985,Igneous,"Clay: 30.26%, Sand: 20.13%, Silt: 49.60%",17,-1.281383433
South,83.50342359,-79.18577021,8064.14988,Igneous,"Clay: 48.04%, Sand: 21.03%, Silt: 30.94%",51,-22.23035501
West,-7.659989072,126.8964574,4841.239412,Sedimentary,"Clay: 49.29%, Sand: 19.86%, Silt: 30.84%",44,45.58842632
Central,60.15056028,170.61046,89.67422138,Metamorphic,"Clay: 29.12%, Sand: 34.68%, Silt: 36.20%",79,-4.189812785
South,-88.68459276,6.03949474,417.198478,Sedimentary,"Clay: 23.06%, Sand: 17.27%, Silt: 59.67%",20,-45.12847095
South,35.78236443,163.6695342,2106.870087,Igneous,"Clay: 21.37%, Sand: 26.82%, Silt: 51.81%",88,24.19043552
West,11.55262988,-114.6854975,7030.015752,Metamorphic,"Clay: 35.60%, Sand: 41.77%, Silt: 22.62%",55,-14.40880861
South,38.25810678,-43.83316626,3261.100941,Igneous,"Clay: 19.39%, Sand: 29.36%, Silt: 51.25%",95,-0.053803433
South,-53.67465985,57.63276431,1542.819033,Igneous,"Clay: 33.42%, Sand: 10.15%, Silt: 56.43%",97,-12.97562611
West,-35.68222498,-25.65831701,6048.416045,Igneous,"Clay: 48.69%, Sand: 47.42%, Silt: 3.89%",97,-11.77491249
West,31.41039855,-132.9625255,5128.026749,Sedimentary,"Clay: 46.70%, Sand: 36.06%, Silt: 17.24%",9,-9.730641362
North,44.35529083,104.5314286,3020.530225,Igneous,"Clay: 16.32%, Sand: 44.59%, Silt: 39.09%",44,22.25030682
Central,34.41443022,-61.74323538,8554.870146,Metamorphic,"Clay: 31.27%, Sand: 25.94%, Silt: 42.78%",36,-10.25894468
Central,-5.031021539,101.1998371,3716.845303,Metamorphic,"Clay: 23.94%, Sand: 20.00%, Silt: 56.06%",68,-12.64185019
South,-10.40563639,96.69710886,513.0290466,Sedimentary,"Clay: 43.64%, Sand: 49.06%, Silt: 7.30%",16,-15.89781547
Central,76.06963051,-174.2162961,3401.252579,Metamorphic,"Clay: 24.71%, Sand: 42.81%, Silt: 32.47%",64,-25.1587957
South,69.9746263,1.766885634,3600.242789,Sedimentary,"Clay: 21.97%, Sand: 46.54%, Silt: 31.49%",71,41.28867631
North,-27.48802245,-169.936355,3185.999778,Igneous,"Clay: 40.63%, Sand: 34.25%, Silt: 25.11%",24,-5.49082698
West,64.35069998,-123.5188547,4927.758316,Metamorphic,"Clay: 38.52%, Sand: 46.55%, Silt: 14.93%",38,16.52333177
West,-29.90654828,133.4132111,3349.896027,Metamorphic,"Clay: 20.22%, Sand: 30.05%, Silt: 49.73%",20,36.43321749
West,-73.68664838,-13.7744352,783.1715853,Igneous,"Clay: 27.49%, Sand: 34.37%, Silt: 38.14%",88,4.707662035
Central,60.8651839,-171.5009175,653.1486362,Igneous,"Clay: 37.79%, Sand: 41.95%, Silt: 20.26%",98,28.24212386
North,-27.92499249,101.0161003,6140.605942,Metamorphic,"Clay: 28.17%, Sand: 32.47%, Silt: 39.36%",62,17.15482358
Central,44.08659695,140.138059,6266.992153,Igneous,"Clay: 23.83%, Sand: 41.43%, Silt: 34.74%",67,14.00894855
Central,7.132997886,156.9087081,4158.895379,Igneous,"Clay: 14.56%, Sand: 43.83%, Silt: 41.61%",95,-0.508391542
North,78.41924051,39.86282302,6105.75065,Metamorphic,"Clay: 35.64%, Sand: 14.85%, Silt: 49.51%",4,-5.204261786
North,62.19478645,-6.87467957,7959.04728,Metamorphic,"Clay: 49.90%, Sand: 25.42%, Silt: 24.68%",75,6.545383542
North,-24.85018735,-94.15357993,1823.979069,Igneous,"Clay: 10.61%, Sand: 14.18%, Silt: 75.21%",3,-20.8172687
North,1.716756241,7.905562469,281.7364441,Sedimentary,"Clay: 47.08%, Sand: 34.50%, Silt: 18.43%",94,-13.18792443
West,-29.43178383,143.3858723,2351.061183,Metamorphic,"Clay: 29.38%, Sand: 34.05%, Silt: 36.56%",72,1.845895062
East,-13.91660227,169.5209499,7455.406331,Sedimentary,"Clay: 22.79%, Sand: 32.49%, Silt: 44.73%",66,14.28925261
East,13.94441557,139.2035298,4071.707161,Metamorphic,"Clay: 46.28%, Sand: 16.12%, Silt: 37.60%",84,-49.81913145
North,-38.16078736,-99.80908517,3613.989019,Metamorphic,"Clay: 40.53%, Sand: 43.59%, Silt: 15.88%",90,38.29527077
East,-87.70113623,-178.2543654,1287.349092,Igneous,"Clay: 17.97%, Sand: 35.22%, Silt: 46.81%",66,33.99654199
East,71.17666919,-169.4131959,2642.984656,Sedimentary,"Clay: 37.31%, Sand: 46.98%, Silt: 15.71%",7,40.80664941
North,79.71402755,-56.92267237,5072.490853,Metamorphic,"Clay: 16.46%, Sand: 31.67%, Silt: 51.87%",78,-29.73368553
East,14.87841918,-169.0867752,689.8270825,Sedimentary,"Clay: 40.50%, Sand: 30.67%, Silt: 28.83%",10,4.158828927
Central,20.73106124,-45.33285435,3337.835746,Metamorphic,"Clay: 28.35%, Sand: 44.28%, Silt: 27.37%",62,22.92103303
South,-78.18978981,163.6240021,6718.444965,Igneous,"Clay: 17.16%, Sand: 20.91%, Silt: 61.93%",37,45.14633934
South,75.28341077,-80.69913018,5305.785084,Sedimentary,"Clay: 17.73%, Sand: 16.39%, Silt: 65.87%",64,-28.04324694
North,-57.62768419,126.6054883,817.1044916,Igneous,"Clay: 18.21%, Sand: 21.87%, Silt: 59.92%",57,-28.4771983
West,-63.89217405,-139.8376782,4193.039186,Metamorphic,"Clay: 39.11%, Sand: 16.45%, Silt: 44.44%",86,-22.96215892
North,24.67549207,124.9750396,7992.885631,Metamorphic,"Clay: 44.76%, Sand: 47.05%, Silt: 8.19%",35,31.19590277
West,43.95323222,-6.998591325,6113.2751,Sedimentary,"Clay: 21.85%, Sand: 28.36%, Silt: 49.80%",54,-2.145222078
South,30.79481336,-103.5542946,4681.931671,Sedimentary,"Clay: 46.99%, Sand: 17.78%, Silt: 35.23%",37,-23.60844904
North,-41.61326753,0.282082947,1027.007699,Metamorphic,"Clay: 40.36%, Sand: 10.70%, Silt: 48.94%",87,-21.44391188
Central,74.21124996,-76.83456582,2222.721278,Sedimentary,"Clay: 49.19%, Sand: 30.20%, Silt: 20.61%",8,25.23577729
East,-19.26964222,166.0308487,3485.38511,Igneous,"Clay: 20.08%, Sand: 26.45%, Silt: 53.47%",17,36.04482522
West,-71.47949549,4.671054897,5416.363646,Igneous,"Clay: 38.89%, Sand: 48.42%, Silt: 12.69%",19,-10.85821993
East,-51.8110179,-60.729089,7509.138111,Igneous,"Clay: 32.13%, Sand: 47.46%, Silt: 20.41%",82,-35.70168074
East,-42.36049323,99.69147908,7258.048195,Igneous,"Clay: 13.97%, Sand: 14.62%, Silt: 71.40%",79,-49.21382018
North,-65.96727495,100.8537619,245.4150895,Igneous,"Clay: 39.13%, Sand: 23.39%, Silt: 37.48%",95,-11.74060701
East,-24.21948361,-88.51238607,0.934769165,Igneous,"Clay: 26.11%, Sand: 42.92%, Silt: 30.96%",88,-37.95567806
Central,-27.0885614,31.62207785,6422.443347,Metamorphic,"Clay: 35.15%, Sand: 37.68%, Silt: 27.17%",59,-46.47192727
East,-86.72364765,-78.47122965,3912.376677,Igneous,"Clay: 15.57%, Sand: 36.58%, Silt: 47.86%",81,14.76215722
North,78.3637253,-42.31944513,3168.685987,Sedimentary,"Clay: 11.36%, Sand: 48.25%, Silt: 40.38%",56,-8.36159033
Central,16.34240103,154.7234323,2167.661278,Metamorphic,"Clay: 43.78%, Sand: 24.34%, Silt: 31.89%",34,-3.793297989
South,6.211443975,1.911714714,7060.702096,Igneous,"Clay: 15.37%, Sand: 14.83%, Silt: 69.80%",92,3.94131619
East,24.01196447,-111.2434059,4964.451202,Sedimentary,"Clay: 37.74%, Sand: 19.22%, Silt: 43.04%",50,-24.33825506
North,41.20396639,136.503201,4271.162674,Metamorphic,"Clay: 21.32%, Sand: 32.83%, Silt: 45.85%",81,-14.72368205
South,1.416665166,47.01087617,6823.614955,Metamorphic,"Clay: 41.29%, Sand: 13.41%, Silt: 45.29%",65,-10.09610699
South,-77.92168677,23.30259503,1792.140146,Metamorphic,"Clay: 33.31%, Sand: 34.60%, Silt: 32.09%",24,41.67710732
West,11.38454576,1.287664323,4817.453132,Metamorphic,"Clay: 38.75%, Sand: 22.20%, Silt: 39.05%",99,-42.31648496
Central,-68.72965498,126.5975059,4317.317541,Sedimentary,"Clay: 19.06%, Sand: 17.66%, Silt: 63.27%",26,19.58785922
East,-13.67841198,71.73592493,5155.036047,Metamorphic,"Clay: 23.50%, Sand: 17.68%, Silt: 58.82%",89,-9.005254547
North,6.384484468,-146.1479263,503.5775533,Igneous,"Clay: 13.13%, Sand: 14.93%, Silt: 71.93%",51,33.78568459
West,30.45185047,16.74311964,1825.606889,Igneous,"Clay: 23.27%, Sand: 27.52%, Silt: 49.21%",19,34.03101828
Central,-21.3059083,-13.66284162,6958.62755,Metamorphic,"Clay: 20.39%, Sand: 48.83%, Silt: 30.77%",69,-47.17854955
West,88.28677112,-169.3688028,8222.490091,Metamorphic,"Clay: 30.94%, Sand: 42.00%, Silt: 27.06%",49,48.50264382
Central,-55.37065214,122.7011796,2710.887699,Sedimentary,"Clay: 31.55%, Sand: 27.13%, Silt: 41.32%",9,-3.112378571
Central,62.40610016,-48.69141146,4511.023669,Metamorphic,"Clay: 49.36%, Sand: 25.14%, Silt: 25.50%",91,-4.264544839
East,77.78970352,89.78586096,6772.171604,Sedimentary,"Clay: 27.44%, Sand: 10.80%, Silt: 61.76%",26,-44.1324258
Central,60.88363711,76.98134152,3511.055453,Igneous,"Clay: 12.51%, Sand: 45.88%, Silt: 41.60%",57,-28.9677214
West,-83.74942555,164.6540802,7816.657678,Metamorphic,"Clay: 20.42%, Sand: 16.08%, Silt: 63.50%",95,-10.8634627
Central,-41.83539091,54.76108731,348.3669877,Igneous,"Clay: 29.40%, Sand: 11.04%, Silt: 59.56%",98,34.48253929
East,-11.31676917,58.20717669,7298.949588,Metamorphic,"Clay: 40.36%, Sand: 27.14%, Silt: 32.49%",22,-5.731577548
East,2.100343387,119.4580249,6990.249138,Sedimentary,"Clay: 16.99%, Sand: 44.91%, Silt: 38.09%",64,-0.306322981
West,-52.06639991,-157.2869034,2301.799925,Igneous,"Clay: 27.02%, Sand: 48.04%, Silt: 24.94%",46,-26.65944876
South,46.72778995,-24.34732918,6635.503207,Sedimentary,"Clay: 24.83%, Sand: 28.01%, Silt: 47.15%",25,-3.506900184
South,35.37230225,104.4111118,5783.381115,Metamorphic,"Clay: 31.64%, Sand: 39.91%, Silt: 28.46%",12,-0.403025912
Central,-33.19849756,175.2947107,3362.813981,Metamorphic,"Clay: 48.75%, Sand: 46.22%, Silt: 5.03%",23,-23.38898299
North,55.07012773,39.67412826,1060.964154,Sedimentary,"Clay: 13.36%, Sand: 41.02%, Silt: 45.61%",83,-36.70203345
Central,41.51886132,-12.84196912,5136.178626,Metamorphic,"Clay: 11.91%, Sand: 17.75%, Silt: 70.34%",90,37.48721983
West,-65.10262077,5.84706266,470.5097993,Sedimentary,"Clay: 46.83%, Sand: 35.44%, Silt: 17.73%",36,20.53665216
West,45.81254753,97.58072493,1943.322445,Metamorphic,"Clay: 30.78%, Sand: 18.25%, Silt: 50.97%",35,-46.83905308
West,13.61515797,20.82911775,2184.137559,Igneous,"Clay: 29.53%, Sand: 19.04%, Silt: 51.44%",86,20.50071199
West,-32.95417885,85.7099507,1840.620792,Sedimentary,"Clay: 26.35%, Sand: 12.59%, Silt: 61.06%",44,28.99310624
West,-67.82516341,-114.0651038,6216.600293,Igneous,"Clay: 10.61%, Sand: 11.62%, Silt: 77.77%",94,7.825561387
East,78.80465374,-125.1553642,2759.125295,Sedimentary,"Clay: 18.82%, Sand: 17.82%, Silt: 63.36%",30,8.803762841
South,-89.53101629,-44.47684169,4358.144139,Igneous,"Clay: 45.49%, Sand: 30.54%, Silt: 23.96%",15,14.06073665
West,-12.163141,66.3949313,999.4764859,Sedimentary,"Clay: 38.71%, Sand: 36.17%, Silt: 25.12%",88,6.282839459
North,43.04490874,61.18495167,7843.329818,Igneous,"Clay: 20.92%, Sand: 21.02%, Silt: 58.06%",85,-0.241806284
North,7.886739159,-37.61485896,6056.957596,Sedimentary,"Clay: 18.98%, Sand: 16.89%, Silt: 64.13%",85,2.02133072
North,-16.16195492,90.24596111,1443.68322,Igneous,"Clay: 15.45%, Sand: 34.21%, Silt: 50.34%",51,-29.58799618
North,4.902754318,76.44570432,4311.111402,Metamorphic,"Clay: 18.52%, Sand: 27.37%, Silt: 54.11%",4,28.08934953
East,-87.86778334,19.99301602,3617.242336,Metamorphic,"Clay: 15.43%, Sand: 45.70%, Silt: 38.87%",32,-3.58006832
North,-17.09580963,147.9444336,3413.063732,Metamorphic,"Clay: 29.02%, Sand: 20.34%, Silt: 50.64%",71,33.40402232
West,-15.52331375,123.9787345,7536.136916,Metamorphic,"Clay: 28.94%, Sand: 44.47%, Silt: 26.59%",47,-36.35614385
Central,0.223921508,140.6892468,1476.757778,Metamorphic,"Clay: 44.45%, Sand: 14.07%, Silt: 41.47%",75,-16.66630207
North,-12.56497963,-95.80611556,8278.132682,Metamorphic,"Clay: 18.09%, Sand: 38.91%, Silt: 43.00%",51,-45.73536089
East,-43.05865796,34.04358491,7772.847861,Metamorphic,"Clay: 19.73%, Sand: 32.26%, Silt: 48.01%",96,37.38795759
East,12.53949762,-6.61308112,2508.247851,Metamorphic,"Clay: 21.76%, Sand: 20.35%, Silt: 57.89%",89,39.37816293
North,68.81527621,-152.8871659,7115.629108,Sedimentary,"Clay: 43.83%, Sand: 34.95%, Silt: 21.22%",86,26.61743371
Central,66.38516279,24.77174212,5920.888936,Metamorphic,"Clay: 26.55%, Sand: 38.21%, Silt: 35.24%",90,-33.19452359
North,-23.41799454,-119.0791383,3484.852102,Igneous,"Clay: 26.47%, Sand: 47.17%, Silt: 26.36%",50,19.5080474
East,3.940325696,-38.68185179,5451.620583,Metamorphic,"Clay: 44.70%, Sand: 11.66%, Silt: 43.64%",62,-46.61811266
South,65.64907911,141.8883623,1527.880717,Metamorphic,"Clay: 36.23%, Sand: 42.27%, Silt: 21.50%",23,-24.63307745
West,-43.80271894,82.79594845,5422.772574,Sedimentary,"Clay: 45.46%, Sand: 35.09%, Silt: 19.45%",87,-5.245253132
East,-7.657270929,-148.7994898,4453.81964,Sedimentary,"Clay: 28.54%, Sand: 37.14%, Silt: 34.32%",22,38.96936605
North,-81.32147464,40.48359413,4568.39242,Sedimentary,"Clay: 32.16%, Sand: 39.38%, Silt: 28.46%",15,-20.62185907
West,-4.80040715,-13.63424658,556.5455425,Sedimentary,"Clay: 16.70%, Sand: 26.65%, Silt: 56.65%",14,-38.62400319
North,-66.07110631,-142.6849546,3520.04113,Metamorphic,"Clay: 48.14%, Sand: 48.94%, Silt: 2.92%",63,14.2627575
North,24.60578104,-112.5556973,3764.923127,Sedimentary,"Clay: 41.22%, Sand: 22.59%, Silt: 36.19%",53,-24.94148235
South,35.59629741,-15.51058137,3116.315377,Sedimentary,"Clay: 45.38%, Sand: 35.83%, Silt: 18.79%",38,-30.57127096
West,-49.36390949,110.0830389,1107.386257,Igneous,"Clay: 16.54%, Sand: 41.33%, Silt: 42.13%",53,-20.46154299
West,3.283738931,-56.08963249,6823.094495,Igneous,"Clay: 10.98%, Sand: 25.76%, Silt: 63.26%",83,39.85295481
South,53.1894643,-114.2574242,7613.307291,Metamorphic,"Clay: 30.98%, Sand: 26.25%, Silt: 42.77%",36,-0.051773134
East,2.433295688,-134.8271279,578.5001123,Metamorphic,"Clay: 14.58%, Sand: 29.84%, Silt: 55.59%",13,-6.980545925
North,53.59979459,-101.3266041,4594.346118,Metamorphic,"Clay: 30.90%, Sand: 47.66%, Silt: 21.44%",57,-35.50951372
Central,65.19405553,87.19712474,2470.555687,Metamorphic,"Clay: 47.51%, Sand: 14.65%, Silt: 37.84%",8,-25.61163904
North,-20.76565535,85.29269127,3351.789617,Igneous,"Clay: 38.79%, Sand: 16.26%, Silt: 44.95%",75,-32.94904474
North,36.54240883,-27.61026937,8336.76113,Sedimentary,"Clay: 20.25%, Sand: 46.46%, Silt: 33.29%",1,-46.22057224
East,36.83610839,68.0239237,2764.335732,Metamorphic,"Clay: 16.11%, Sand: 19.44%, Silt: 64.45%",16,0.03629882
North,64.95790894,-125.9657014,5795.690504,Igneous,"Clay: 11.29%, Sand: 16.77%, Silt: 71.94%",6,23.61294408
South,-19.29304911,87.33772443,3205.922326,Sedimentary,"Clay: 42.89%, Sand: 31.02%, Silt: 26.09%",59,35.53292148
South,3.743626552,77.79163355,6887.982622,Igneous,"Clay: 40.49%, Sand: 47.82%, Silt: 11.69%",85,-41.87902339
West,42.2960459,-166.0733037,4488.494013,Igneous,"Clay: 22.67%, Sand: 36.81%, Silt: 40.52%",72,-18.84469462
Central,-38.3019475,86.38837097,2204.004461,Metamorphic,"Clay: 27.62%, Sand: 48.76%, Silt: 23.62%",69,41.62422349
North,61.79134344,-97.94934985,7768.881412,Sedimentary,"Clay: 14.82%, Sand: 13.20%, Silt: 71.97%",88,41.04472523
North,-85.01473268,76.65825313,5213.501873,Igneous,"Clay: 20.83%, Sand: 19.24%, Silt: 59.94%",31,-23.80173168
East,-79.39578697,35.04460972,3241.231865,Sedimentary,"Clay: 39.92%, Sand: 36.33%, Silt: 23.76%",24,-6.542705667
South,-20.44305775,-60.66465942,2012.180584,Metamorphic,"Clay: 13.33%, Sand: 22.61%, Silt: 64.06%",0,-39.67436864
Central,77.51874791,38.62974122,6105.13744,Metamorphic,"Clay: 14.52%, Sand: 16.78%, Silt: 68.70%",58,49.62902819
West,-36.10030881,37.32564448,466.4163253,Sedimentary,"Clay: 28.83%, Sand: 41.34%, Silt: 29.82%",54,18.72312859
South,-25.92524052,-72.10699652,4074.359068,Igneous,"Clay: 13.74%, Sand: 30.20%, Silt: 56.06%",85,10.52586545
West,0.252898282,-114.0702605,6954.232816,Igneous,"Clay: 42.57%, Sand: 27.03%, Silt: 30.41%",5,26.10223925
East,38.26571885,54.34516714,1708.07018,Sedimentary,"Clay: 24.00%, Sand: 31.79%, Silt: 44.21%",84,-35.44245888
East,-61.63769471,-124.7338612,6652.373628,Igneous,"Clay: 33.17%, Sand: 21.48%, Silt: 45.35%",54,-43.921447
North,76.3534263,-21.33251043,351.3617745,Metamorphic,"Clay: 29.51%, Sand: 43.22%, Silt: 27.27%",35,-39.59081864
Central,-51.41373112,-1.58306512,2824.967269,Sedimentary,"Clay: 15.21%, Sand: 26.27%, Silt: 58.52%",35,-7.820954667
West,-26.76695385,-129.7847474,4874.524444,Metamorphic,"Clay: 18.23%, Sand: 43.99%, Silt: 37.78%",51,12.75231167
South,-21.61490501,-111.2574075,3981.795355,Metamorphic,"Clay: 22.74%, Sand: 10.05%, Silt: 67.21%",11,16.9146101
East,-46.99494859,67.51983494,2185.151231,Metamorphic,"Clay: 48.46%, Sand: 25.64%, Silt: 25.90%",73,-8.195175207
North,-14.2646296,-168.1439864,2416.324144,Sedimentary,"Clay: 12.11%, Sand: 40.43%, Silt: 47.46%",19,45.31197404
North,-51.94561588,41.83272336,7888.361839,Sedimentary,"Clay: 37.22%, Sand: 38.97%, Silt: 23.81%",92,24.91181398
West,30.34343282,99.17384045,4776.720153,Metamorphic,"Clay: 36.73%, Sand: 26.13%, Silt: 37.14%",45,-1.934309146
East,45.03445942,-75.01717023,34.20271774,Sedimentary,"Clay: 29.79%, Sand: 32.91%, Silt: 37.30%",58,35.54271422
Central,-50.35670379,-20.90662665,2545.301069,Sedimentary,"Clay: 43.97%, Sand: 40.17%, Silt: 15.87%",50,9.321408147
East,48.19307873,-55.14098908,2302.668817,Sedimentary,"Clay: 31.18%, Sand: 12.91%, Silt: 55.92%",44,-38.67739243
West,-51.64494061,-95.91987526,8482.921021,Sedimentary,"Clay: 18.30%, Sand: 37.34%, Silt: 44.36%",15,7.074247573
West,-81.09224155,-144.9382162,5554.277438,Sedimentary,"Clay: 34.67%, Sand: 42.36%, Silt: 22.98%",40,12.80166834
East,-86.01797667,177.6966333,6308.135025,Sedimentary,"Clay: 43.03%, Sand: 10.56%, Silt: 46.40%",83,-30.17854134
West,-77.6027455,141.0104177,8552.877995,Sedimentary,"Clay: 24.91%, Sand: 46.38%, Silt: 28.70%",70,24.34684893
East,-54.24327048,-147.4161625,2820.244616,Sedimentary,"Clay: 30.14%, Sand: 47.41%, Silt: 22.45%",79,-10.52551755
South,-89.66024667,-54.35087506,2280.165415,Igneous,"Clay: 15.26%, Sand: 34.38%, Silt: 50.36%",88,-35.56891134
East,-12.55914567,-81.47676084,6220.74797,Metamorphic,"Clay: 41.83%, Sand: 23.21%, Silt: 34.96%",35,24.00816125
East,17.53619773,-4.835123247,6477.969697,Sedimentary,"Clay: 29.90%, Sand: 36.72%, Silt: 33.38%",54,36.59537176
West,-47.60132478,0.463499355,5815.14701,Metamorphic,"Clay: 39.94%, Sand: 46.08%, Silt: 13.98%",93,46.15299325
West,-55.36142021,92.94228669,316.2685115,Igneous,"Clay: 36.95%, Sand: 39.30%, Silt: 23.75%",98,4.741503817
North,-48.63313855,-158.8015034,6539.936215,Igneous,"Clay: 10.26%, Sand: 49.10%, Silt: 40.65%",76,-33.94262298
North,-18.11457225,-104.3810752,3474.707846,Igneous,"Clay: 32.97%, Sand: 25.54%, Silt: 41.49%",42,-46.59505157
South,27.42740769,77.04850289,5327.119778,Sedimentary,"Clay: 36.09%, Sand: 28.75%, Silt: 35.16%",37,39.6799508
North,74.35647752,130.1301118,1821.032353,Sedimentary,"Clay: 44.23%, Sand: 45.12%, Silt: 10.65%",88,18.3155803
East,31.81810085,-117.3613451,3308.149908,Igneous,"Clay: 26.32%, Sand: 16.73%, Silt: 56.95%",39,-13.42082237
West,1.806892337,169.0517747,1386.575199,Igneous,"Clay: 33.47%, Sand: 29.56%, Silt: 36.97%",37,4.126991294
North,6.506401672,-33.28205523,6793.731506,Metamorphic,"Clay: 35.40%, Sand: 40.52%, Silt: 24.08%",45,13.35683945
North,-32.27047869,159.4784372,4765.095874,Metamorphic,"Clay: 43.89%, Sand: 36.37%, Silt: 19.74%",92,21.45859635
South,50.9232594,-33.57240627,7872.865404,Sedimentary,"Clay: 44.55%, Sand: 29.29%, Silt: 26.15%",52,24.0486159
South,30.14469964,136.7984281,693.3442486,Igneous,"Clay: 45.07%, Sand: 15.62%, Silt: 39.31%",81,18.2997012
East,-5.25864704,104.0887432,4027.059976,Igneous,"Clay: 20.73%, Sand: 40.24%, Silt: 39.02%",23,20.69018109
West,-4.991008472,66.21093223,903.5964808,Metamorphic,"Clay: 22.59%, Sand: 25.26%, Silt: 52.15%",20,8.015057108
South,-53.70852481,33.23509362,671.7032734,Sedimentary,"Clay: 40.89%, Sand: 16.14%, Silt: 42.97%",50,36.40315172
North,30.18045634,136.9266926,1970.283624,Igneous,"Clay: 27.80%, Sand: 37.79%, Silt: 34.41%",44,38.86443719
West,-80.13050347,-168.193393,6207.77083,Igneous,"Clay: 15.72%, Sand: 42.83%, Silt: 41.45%",92,-47.54318316
West,-8.296299115,138.4048955,6757.294275,Igneous,"Clay: 34.88%, Sand: 36.58%, Silt: 28.54%",33,1.702647943
North,34.04083969,-178.9363137,8445.196926,Sedimentary,"Clay: 39.53%, Sand: 43.08%, Silt: 17.39%",6,-44.1137887
South,76.4711583,58.78033109,3822.775092,Metamorphic,"Clay: 46.62%, Sand: 24.11%, Silt: 29.27%",17,20.46649774
North,54.53578599,162.407682,7641.10484,Sedimentary,"Clay: 11.28%, Sand: 46.91%, Silt: 41.82%",68,26.63575186
West,-62.73378269,23.86138366,1283.737413,Metamorphic,"Clay: 32.11%, Sand: 12.02%, Silt: 55.87%",10,6.840398522
Central,-22.09721785,172.2200868,3612.732879,Sedimentary,"Clay: 38.14%, Sand: 27.89%, Silt: 33.97%",20,39.43908861
Central,26.59348964,75.11775703,8529.597061,Metamorphic,"Clay: 40.40%, Sand: 20.47%, Silt: 39.13%",1,-49.32600444
East,61.39363383,120.8913188,5338.680038,Metamorphic,"Clay: 34.42%, Sand: 27.77%, Silt: 37.80%",1,40.34152462
North,-48.6604519,-131.2804274,2254.403237,Metamorphic,"Clay: 28.72%, Sand: 40.83%, Silt: 30.45%",89,-40.71986009
North,-53.54008162,-115.6656519,468.3223102,Metamorphic,"Clay: 39.67%, Sand: 42.74%, Silt: 17.60%",49,14.70085758
East,-16.79664816,-142.5546286,4224.743516,Sedimentary,"Clay: 43.27%, Sand: 25.62%, Silt: 31.11%",49,10.93785749
East,-49.11930639,-170.1254933,8027.827503,Metamorphic,"Clay: 20.58%, Sand: 33.71%, Silt: 45.71%",18,15.63394916
East,-30.01332763,129.6415873,2512.141005,Metamorphic,"Clay: 14.42%, Sand: 26.31%, Silt: 59.27%",18,-43.5715998
West,10.04102078,-73.86516553,872.1633597,Sedimentary,"Clay: 41.43%, Sand: 28.02%, Silt: 30.55%",8,7.511235399
North,-36.00251453,40.79416041,7462.344201,Metamorphic,"Clay: 35.00%, Sand: 47.66%, Silt: 17.35%",65,-45.17746609
West,-54.52897242,153.6379801,7734.199183,Metamorphic,"Clay: 32.08%, Sand: 14.80%, Silt: 53.12%",80,11.86882478
East,89.95499862,31.7838615,58.34386415,Metamorphic,"Clay: 25.15%, Sand: 43.52%, Silt: 31.33%",33,-41.36512301
North,1.66597639,170.8226344,4170.64533,Metamorphic,"Clay: 29.06%, Sand: 10.37%, Silt: 60.57%",55,-13.76849526
West,-79.33513387,-23.97993384,3753.267679,Metamorphic,"Clay: 16.08%, Sand: 11.61%, Silt: 72.31%",8,-4.840127096
West,19.03467198,-55.77147704,2749.518466,Igneous,"Clay: 10.39%, Sand: 33.92%, Silt: 55.69%",16,37.44446916
East,18.14568277,108.1944195,3858.813233,Metamorphic,"Clay: 22.69%, Sand: 46.96%, Silt: 30.35%",78,-30.71278521
North,-76.23033306,-68.20673563,5789.773114,Metamorphic,"Clay: 39.37%, Sand: 20.14%, Silt: 40.49%",35,21.13876645
East,-9.262586758,-141.3394758,1139.803684,Sedimentary,"Clay: 44.02%, Sand: 47.37%, Silt: 8.60%",70,-8.685656298
North,-8.865152112,-28.78488453,8169.543931,Igneous,"Clay: 17.81%, Sand: 11.10%, Silt: 71.09%",75,-41.1067647
Central,-88.74669875,20.44809078,5068.806595,Sedimentary,"Clay: 10.49%, Sand: 10.80%, Silt: 78.71%",43,38.83597589
South,18.84662965,161.9172466,6295.540014,Sedimentary,"Clay: 41.35%, Sand: 25.06%, Silt: 33.59%",2,-24.99472252
South,-60.13496425,-19.15923834,8293.915184,Igneous,"Clay: 17.31%, Sand: 10.04%, Silt: 72.66%",18,-22.75132858
South,1.498594387,-136.2488923,5387.006873,Igneous,"Clay: 39.68%, Sand: 20.71%, Silt: 39.60%",2,-44.43581152
East,-26.70719426,-5.943076751,5163.981506,Igneous,"Clay: 20.09%, Sand: 15.41%, Silt: 64.50%",30,34.87362656
Central,52.16014206,-131.4705366,6474.178356,Sedimentary,"Clay: 27.42%, Sand: 26.02%, Silt: 46.57%",80,37.00881078
North,-76.99949665,-59.8361483,8672.96146,Metamorphic,"Clay: 22.46%, Sand: 10.56%, Silt: 66.98%",62,-6.92716666
West,76.54196053,-127.2087014,3229.711367,Metamorphic,"Clay: 28.23%, Sand: 10.57%, Silt: 61.20%",9,-4.775082102
North,28.28915361,-69.2178984,3532.50887,Metamorphic,"Clay: 23.44%, Sand: 20.05%, Silt: 56.51%",63,-49.67147526
West,46.44069206,-155.6684808,6773.268643,Sedimentary,"Clay: 16.85%, Sand: 14.80%, Silt: 68.35%",90,36.64042867
North,-17.2798716,49.51098822,2927.573528,Metamorphic,"Clay: 17.49%, Sand: 12.65%, Silt: 69.86%",71,-31.03593794
Central,-38.56130305,88.03138418,6000.011196,Metamorphic,"Clay: 10.75%, Sand: 42.03%, Silt: 47.21%",99,-37.81200887
West,40.84085254,173.7667684,5226.855119,Metamorphic,"Clay: 21.50%, Sand: 42.99%, Silt: 35.51%",52,-18.59955402
East,10.27540484,-75.22126739,6723.681533,Sedimentary,"Clay: 29.08%, Sand: 48.74%, Silt: 22.18%",48,-24.96425004
North,-75.13457077,-56.49255859,4264.056747,Sedimentary,"Clay: 26.17%, Sand: 27.45%, Silt: 46.38%",76,-10.75357359
North,47.7939953,149.5483996,4833.037465,Igneous,"Clay: 27.86%, Sand: 22.62%, Silt: 49.51%",55,-48.72263011
West,-70.32038305,10.24052871,8673.977441,Sedimentary,"Clay: 32.55%, Sand: 23.21%, Silt: 44.24%",29,28.66489402
East,32.99386746,-17.44805622,1237.36346,Sedimentary,"Clay: 24.20%, Sand: 47.00%, Silt: 28.80%",46,43.13768312
East,-27.4940378,-121.3065078,2003.902228,Sedimentary,"Clay: 19.81%, Sand: 47.89%, Silt: 32.30%",49,-30.46410532
Central,62.97005392,5.786884552,4750.57048,Sedimentary,"Clay: 23.19%, Sand: 13.99%, Silt: 62.82%",58,-45.08828235
East,23.85340658,73.28267128,4059.096871,Igneous,"Clay: 33.29%, Sand: 36.59%, Silt: 30.11%",22,35.28057825
East,-45.63078245,76.77016213,7258.798011,Igneous,"Clay: 20.43%, Sand: 22.72%, Silt: 56.85%",55,32.38551405
East,-76.39976512,127.0005965,5666.961639,Metamorphic,"Clay: 26.85%, Sand: 45.40%, Silt: 27.76%",35,18.93952495
South,-54.30957018,135.0774676,5071.451074,Metamorphic,"Clay: 18.42%, Sand: 18.93%, Silt: 62.65%",61,-26.93128319
Central,47.21666664,9.299036197,484.774179,Metamorphic,"Clay: 28.34%, Sand: 44.34%, Silt: 27.32%",98,13.64442684
North,-18.21255176,111.28721,6789.320871,Igneous,"Clay: 23.07%, Sand: 18.69%, Silt: 58.23%",47,32.37577399
West,-38.36100723,65.57483794,745.0187589,Metamorphic,"Clay: 35.50%, Sand: 49.93%, Silt: 14.57%",72,35.13907863
North,66.17600244,-130.5685997,7803.602229,Igneous,"Clay: 34.16%, Sand: 16.32%, Silt: 49.53%",62,-38.58911855
Central,8.90873459,-100.2038047,5593.500416,Igneous,"Clay: 48.32%, Sand: 39.46%, Silt: 12.22%",83,11.1284059
West,-66.74523824,-171.5839575,1969.898666,Sedimentary,"Clay: 17.35%, Sand: 22.08%, Silt: 60.57%",79,21.96394853
Central,-51.10062603,94.50434129,3489.292172,Sedimentary,"Clay: 26.06%, Sand: 11.79%, Silt: 62.16%",58,-34.80627385
East,43.58256314,159.4452361,6786.878143,Igneous,"Clay: 31.93%, Sand: 12.44%, Silt: 55.63%",87,43.24751022
West,65.97389593,-5.530799148,2064.538024,Metamorphic,"Clay: 31.62%, Sand: 32.37%, Silt: 36.01%",5,-10.87519026
East,-33.04649734,56.1895494,7224.433818,Sedimentary,"Clay: 15.55%, Sand: 10.41%, Silt: 74.03%",28,-29.67245037
North,-9.695657571,116.0228228,7843.393044,Metamorphic,"Clay: 43.27%, Sand: 18.22%, Silt: 38.51%",94,-35.15077558
North,12.52636553,-168.367448,1588.35279,Metamorphic,"Clay: 21.31%, Sand: 49.02%, Silt: 29.68%",89,38.83621251
West,7.68636561,154.6181159,1267.365861,Metamorphic,"Clay: 40.43%, Sand: 42.00%, Silt: 17.57%",3,-21.16398938
West,67.97867545,58.05898577,7174.071956,Metamorphic,"Clay: 21.60%, Sand: 24.55%, Silt: 53.84%",37,48.99875205
Central,8.397951693,31.52519013,7047.276458,Sedimentary,"Clay: 44.49%, Sand: 46.15%, Silt: 9.36%",36,-33.45486238
Central,-62.92975806,-72.15719393,838.2894825,Metamorphic,"Clay: 30.52%, Sand: 43.84%, Silt: 25.63%",57,-8.251652902
East,78.66835198,-162.8553488,7722.764376,Igneous,"Clay: 44.38%, Sand: 34.78%, Silt: 20.84%",7,-35.61419674
West,-14.85383045,-91.3548293,1325.790254,Sedimentary,"Clay: 29.77%, Sand: 15.03%, Silt: 55.21%",51,-29.48715708
North,63.18035407,-161.3107407,4378.905284,Metamorphic,"Clay: 17.48%, Sand: 30.26%, Silt: 52.26%",90,-30.66629782
Central,-49.5203538,-56.88132408,2135.063743,Igneous,"Clay: 35.04%, Sand: 44.07%, Silt: 20.89%",73,-19.17659437
Central,-33.19645679,69.17830723,3767.315034,Igneous,"Clay: 49.13%, Sand: 36.45%, Silt: 14.42%",94,-15.21515749
North,21.59274002,-73.10989173,7690.079633,Sedimentary,"Clay: 41.55%, Sand: 36.90%, Silt: 21.56%",14,15.40288981
Central,48.7387165,-33.97550842,7310.212518,Metamorphic,"Clay: 25.50%, Sand: 20.36%, Silt: 54.14%",91,-1.43718251
East,-52.27909759,-11.76784966,155.0868529,Sedimentary,"Clay: 48.96%, Sand: 24.75%, Silt: 26.29%",80,-28.31252788
West,18.06795794,64.49763688,5370.77696,Igneous,"Clay: 43.00%, Sand: 42.64%, Silt: 14.36%",90,11.06697808
North,6.930402149,-73.13256052,2769.064036,Metamorphic,"Clay: 10.47%, Sand: 16.79%, Silt: 72.74%",20,-28.70043611
West,8.251259172,-148.1043259,527.3367136,Igneous,"Clay: 42.45%, Sand: 14.44%, Silt: 43.11%",28,-35.55628973
Central,66.04220151,-138.1752791,6462.093963,Sedimentary,"Clay: 34.96%, Sand: 37.91%, Silt: 27.13%",88,34.9949804
Central,-62.96041966,108.0582095,6056.635995,Igneous,"Clay: 10.72%, Sand: 12.70%, Silt: 76.58%",17,2.239421266
North,-58.44654899,48.35854391,4055.327397,Metamorphic,"Clay: 25.12%, Sand: 40.12%, Silt: 34.77%",2,9.835289812
East,43.68151094,22.93325531,7317.838063,Sedimentary,"Clay: 29.62%, Sand: 32.72%, Silt: 37.66%",87,-43.37052669
South,11.11628836,107.5232127,4164.360107,Igneous,"Clay: 12.34%, Sand: 14.82%, Silt: 72.84%",94,47.15143974
North,60.02641598,63.25943625,8185.145906,Igneous,"Clay: 28.43%, Sand: 36.65%, Silt: 34.92%",51,9.773213269
South,43.64201851,-125.8101277,6930.893218,Sedimentary,"Clay: 25.26%, Sand: 15.87%, Silt: 58.86%",0,-38.8798653
South,-4.113911294,54.27443825,1301.447309,Metamorphic,"Clay: 27.52%, Sand: 47.98%, Silt: 24.50%",2,18.92392613
East,-5.901856728,57.70648956,105.8954948,Igneous,"Clay: 36.99%, Sand: 38.67%, Silt: 24.34%",21,20.71192688
South,-61.1491837,165.2077983,6175.919622,Igneous,"Clay: 38.92%, Sand: 16.25%, Silt: 44.83%",70,-31.17727144
South,77.62926704,93.3422805,1773.929387,Metamorphic,"Clay: 46.55%, Sand: 25.96%, Silt: 27.49%",98,-28.35607635
East,-49.49105353,-96.53788688,3135.105863,Metamorphic,"Clay: 38.31%, Sand: 18.68%, Silt: 43.02%",39,-13.46259353
South,71.33646785,114.7010859,6973.919109,Igneous,"Clay: 37.02%, Sand: 19.40%, Silt: 43.59%",95,2.222870939
South,-46.19965457,-80.91360157,5458.707812,Igneous,"Clay: 34.21%, Sand: 42.73%, Silt: 23.06%",15,-41.00528887
South,-88.96611466,-99.19282711,5369.373346,Metamorphic,"Clay: 37.75%, Sand: 34.62%, Silt: 27.62%",29,-18.16812259
North,-55.76830642,-50.30777619,6444.404137,Sedimentary,"Clay: 31.64%, Sand: 31.92%, Silt: 36.44%",71,-11.07180336
North,-1.607801189,113.0541638,1273.062023,Sedimentary,"Clay: 19.55%, Sand: 46.81%, Silt: 33.64%",15,29.97052421
North,-33.74927148,54.55449408,789.1242402,Metamorphic,"Clay: 25.88%, Sand: 17.47%, Silt: 56.66%",43,19.83433842
East,76.97978747,22.08308439,6004.459267,Igneous,"Clay: 13.70%, Sand: 18.75%, Silt: 67.55%",31,0.030085842
Central,-33.03668297,175.9310162,4151.666135,Igneous,"Clay: 46.30%, Sand: 22.73%, Silt: 30.97%",60,12.19658218
South,-44.67407933,-135.576388,7975.933451,Metamorphic,"Clay: 44.25%, Sand: 18.19%, Silt: 37.56%",76,24.06298382
South,-55.53971652,-36.15850747,1042.074832,Metamorphic,"Clay: 38.94%, Sand: 26.41%, Silt: 34.65%",1,-7.481225098
East,-49.50244687,-89.02360218,8819.425141,Igneous,"Clay: 44.82%, Sand: 17.86%, Silt: 37.32%",97,9.049468985
South,41.61952422,49.45455776,2200.686768,Igneous,"Clay: 44.89%, Sand: 21.73%, Silt: 33.38%",47,-28.8830549
North,12.5723906,-127.8880282,3963.186152,Sedimentary,"Clay: 32.65%, Sand: 22.19%, Silt: 45.16%",74,6.73572775
Central,-50.87201966,-167.4619222,7452.746128,Igneous,"Clay: 33.60%, Sand: 10.53%, Silt: 55.87%",14,-5.433361408
West,1.159390613,92.04620282,7722.296424,Igneous,"Clay: 21.13%, Sand: 15.96%, Silt: 62.91%",37,49.59014477
South,69.73292321,-26.76177135,2074.313646,Igneous,"Clay: 19.43%, Sand: 23.90%, Silt: 56.66%",91,-33.99095618
North,-77.36244038,-26.5890729,2148.769647,Metamorphic,"Clay: 40.99%, Sand: 22.26%, Silt: 36.75%",78,-18.98531556
West,-7.21745426,27.47865668,1208.258214,Igneous,"Clay: 13.43%, Sand: 24.48%, Silt: 62.09%",30,-4.112104746
Central,-79.13189196,72.62101713,3536.899042,Igneous,"Clay: 32.73%, Sand: 42.02%, Silt: 25.25%",52,-20.44175326
West,86.57725556,-137.8241989,3358.821527,Metamorphic,"Clay: 49.87%, Sand: 14.26%, Silt: 35.87%",23,-35.75860971
North,58.94478778,128.00151,7552.642579,Metamorphic,"Clay: 12.23%, Sand: 39.82%, Silt: 47.95%",6,47.98359819
West,66.63706766,-20.62182927,7600.941487,Igneous,"Clay: 12.53%, Sand: 11.62%, Silt: 75.84%",74,-21.97160487
East,71.46407838,-62.53906917,1460.647197,Igneous,"Clay: 41.91%, Sand: 48.01%, Silt: 10.08%",67,1.776992429
West,18.37133742,19.29933198,5485.543096,Sedimentary,"Clay: 22.60%, Sand: 12.74%, Silt: 64.66%",29,-31.42117447
South,-7.438918296,101.9542192,549.1114273,Igneous,"Clay: 21.06%, Sand: 22.58%, Silt: 56.36%",83,-34.59198451
South,0.545344102,-83.93987004,3245.970386,Igneous,"Clay: 19.99%, Sand: 20.89%, Silt: 59.13%",95,12.19826122
East,-66.20903905,170.1558638,2815.313953,Sedimentary,"Clay: 42.36%, Sand: 11.19%, Silt: 46.45%",7,32.53909978
North,-42.48517161,-176.7354166,3304.727172,Metamorphic,"Clay: 28.06%, Sand: 22.61%, Silt: 49.34%",42,3.082991025
South,33.39133957,135.9136563,859.1301153,Igneous,"Clay: 40.73%, Sand: 10.35%, Silt: 48.92%",40,17.19093974
Central,80.65009419,122.4644887,246.4431036,Igneous,"Clay: 25.73%, Sand: 27.17%, Silt: 47.10%",77,-5.084036678
South,62.4982029,32.64837421,8063.420664,Igneous,"Clay: 11.36%, Sand: 29.00%, Silt: 59.63%",9,13.77484556
South,75.54537248,6.243695759,7219.666667,Sedimentary,"Clay: 16.18%, Sand: 29.12%, Silt: 54.71%",15,21.67222967
North,50.6244037,-55.77225376,6269.983756,Metamorphic,"Clay: 48.83%, Sand: 11.16%, Silt: 40.01%",92,-5.510885278
West,-83.36045875,147.0022517,3195.185932,Igneous,"Clay: 13.67%, Sand: 32.38%, Silt: 53.95%",54,-27.41413726
South,52.16106154,99.95895899,7202.882894,Metamorphic,"Clay: 23.64%, Sand: 35.17%, Silt: 41.19%",22,-8.194933146
East,10.77791826,28.30952715,1321.260555,Metamorphic,"Clay: 25.65%, Sand: 28.98%, Silt: 45.37%",83,-47.0841791
West,-23.62447458,38.39620853,304.4294649,Sedimentary,"Clay: 34.53%, Sand: 42.71%, Silt: 22.76%",6,40.74823952
Central,-62.19715604,-65.92343376,7716.579025,Sedimentary,"Clay: 15.64%, Sand: 43.42%, Silt: 40.94%",63,-29.60902954
North,-21.70366243,-72.33127609,191.3770391,Metamorphic,"Clay: 39.59%, Sand: 22.67%, Silt: 37.74%",91,-10.70129618
Central,-73.88134736,106.5422291,8449.005116,Metamorphic,"Clay: 44.98%, Sand: 38.04%, Silt: 16.98%",88,39.93791596
West,-67.40189415,72.68214443,6031.062378,Igneous,"Clay: 46.71%, Sand: 19.11%, Silt: 34.19%",73,20.36049401
West,76.06230645,-76.00994089,7987.088577,Sedimentary,"Clay: 35.66%, Sand: 12.95%, Silt: 51.39%",41,20.12297618
West,49.48985952,177.478327,7905.027649,Igneous,"Clay: 49.06%, Sand: 33.00%, Silt: 17.95%",48,13.87331221
Central,0.325323512,115.7437856,8323.675224,Igneous,"Clay: 16.53%, Sand: 42.52%, Silt: 40.96%",49,26.3510617
West,-31.30472165,-172.2216972,3193.380989,Sedimentary,"Clay: 26.96%, Sand: 35.55%, Silt: 37.49%",27,-30.8776899
Central,21.03526393,25.61476226,4307.258176,Metamorphic,"Clay: 16.61%, Sand: 21.11%, Silt: 62.27%",40,-10.81451758
West,75.34933035,-171.1547902,2477.467402,Igneous,"Clay: 21.49%, Sand: 26.72%, Silt: 51.78%",25,3.676658156
East,8.80086113,62.6151048,2472.010729,Igneous,"Clay: 26.26%, Sand: 42.45%, Silt: 31.29%",47,9.888323824
West,1.631399234,-109.3636411,1949.89219,Metamorphic,"Clay: 23.08%, Sand: 18.81%, Silt: 58.11%",22,-1.542780823
Central,40.98318924,23.21329659,8703.673151,Igneous,"Clay: 31.17%, Sand: 38.88%, Silt: 29.94%",64,-34.49936922
South,17.52578467,61.28113093,5184.695364,Metamorphic,"Clay: 46.81%, Sand: 39.88%, Silt: 13.31%",33,-1.918021962
West,54.91143434,179.0738256,4242.963802,Metamorphic,"Clay: 25.82%, Sand: 29.66%, Silt: 44.52%",69,44.86366804
South,-79.47951502,-66.64392301,753.3164432,Sedimentary,"Clay: 27.88%, Sand: 38.29%, Silt: 33.83%",54,17.664102
East,-84.8378592,-55.50297942,7902.56528,Sedimentary,"Clay: 20.20%, Sand: 19.85%, Silt: 59.95%",36,-47.7722483
North,-82.76172066,-111.8996613,2288.080849,Sedimentary,"Clay: 26.07%, Sand: 21.70%, Silt: 52.23%",75,9.870582865
East,-26.04913287,-63.16600163,1644.314995,Sedimentary,"Clay: 26.98%, Sand: 23.13%, Silt: 49.89%",18,13.29191263
West,-51.44894536,-95.65596115,5932.446505,Igneous,"Clay: 33.21%, Sand: 17.74%, Silt: 49.05%",47,11.76589225
South,-72.41270514,33.13741991,3134.511486,Igneous,"Clay: 11.38%, Sand: 34.43%, Silt: 54.20%",53,-43.28796526
South,-52.5044621,-53.07904113,2904.879311,Sedimentary,"Clay: 14.09%, Sand: 14.35%, Silt: 71.56%",50,49.17126689
Central,-36.96399645,-46.67334335,4978.180116,Metamorphic,"Clay: 23.57%, Sand: 34.67%, Silt: 41.75%",74,-16.6291296
South,-9.824635933,59.41438321,3988.365676,Igneous,"Clay: 27.23%, Sand: 17.73%, Silt: 55.04%",58,-44.90698238
Central,10.3173817,53.65806929,1797.618267,Metamorphic,"Clay: 36.32%, Sand: 33.19%, Silt: 30.49%",25,12.46417945
North,63.5765653,38.51868394,7398.906108,Igneous,"Clay: 35.54%, Sand: 33.28%, Silt: 31.18%",52,-6.153977782
West,-22.19379545,-61.06770171,3567.488478,Igneous,"Clay: 25.67%, Sand: 22.01%, Silt: 52.32%",27,36.21637376
Central,33.39879215,155.0389182,3603.844521,Igneous,"Clay: 10.73%, Sand: 47.96%, Silt: 41.31%",25,-41.75658024
North,-2.259745927,167.9031939,1374.918889,Metamorphic,"Clay: 26.77%, Sand: 25.46%, Silt: 47.77%",64,-37.68442082
South,-48.48618654,147.2660449,6440.863831,Sedimentary,"Clay: 31.50%, Sand: 32.83%, Silt: 35.67%",67,43.43065067
South,20.46948953,-12.05107742,6301.441922,Metamorphic,"Clay: 47.94%, Sand: 45.52%, Silt: 6.54%",33,-7.674452246
North,66.12153895,-114.8918734,5592.925455,Metamorphic,"Clay: 23.08%, Sand: 24.59%, Silt: 52.33%",46,-24.29343351
South,-42.70715666,49.90885686,8247.515729,Igneous,"Clay: 38.48%, Sand: 33.17%, Silt: 28.34%",20,-8.642824395
North,6.780800765,-145.5196063,6170.068781,Igneous,"Clay: 48.04%, Sand: 15.03%, Silt: 36.93%",30,12.00872219
Central,85.61310962,-162.5305956,7343.692891,Igneous,"Clay: 25.69%, Sand: 26.60%, Silt: 47.70%",44,6.967826768
Central,51.92893648,90.46029773,8032.641643,Sedimentary,"Clay: 22.66%, Sand: 29.63%, Silt: 47.71%",82,-9.889130767
North,13.1132268,101.2477297,8828.537769,Sedimentary,"Clay: 10.28%, Sand: 16.60%, Silt: 73.12%",45,-12.44255173
Central,-26.79881652,-175.2159394,6624.925726,Sedimentary,"Clay: 20.84%, Sand: 38.58%, Silt: 40.58%",35,43.08822638
Central,30.32734604,-23.12255636,8336.204762,Metamorphic,"Clay: 24.01%, Sand: 16.92%, Silt: 59.07%",5,-15.52270477
Central,46.8113857,148.2924147,3715.881623,Igneous,"Clay: 16.06%, Sand: 29.39%, Silt: 54.55%",33,33.59430327
East,-41.80436645,-118.6668931,705.2026115,Metamorphic,"Clay: 29.55%, Sand: 24.23%, Silt: 46.22%",8,39.53763236
West,-38.3584925,-117.6253703,2978.041905,Sedimentary,"Clay: 42.84%, Sand: 46.94%, Silt: 10.23%",66,-14.0095246
South,-36.01811775,-145.0122115,2870.980819,Sedimentary,"Clay: 26.72%, Sand: 34.09%, Silt: 39.19%",97,-35.45560492
East,33.38272787,-41.4677218,8354.608834,Sedimentary,"Clay: 30.72%, Sand: 22.66%, Silt: 46.62%",22,2.542255811
Central,51.51100971,-92.78398659,8810.42599,Sedimentary,"Clay: 49.66%, Sand: 30.05%, Silt: 20.29%",21,-46.43500683
North,67.49428465,44.55294366,3035.263572,Igneous,"Clay: 15.85%, Sand: 26.99%, Silt: 57.16%",62,28.49749666
Central,24.35884733,-17.90686603,3002.87725,Sedimentary,"Clay: 28.49%, Sand: 26.24%, Silt: 45.27%",48,1.168309993
West,75.93195938,157.9566699,3316.102095,Igneous,"Clay: 34.61%, Sand: 17.43%, Silt: 47.96%",2,43.90544649
Central,-63.9283059,-163.0058576,5165.301674,Sedimentary,"Clay: 23.58%, Sand: 24.42%, Silt: 52.00%",86,-43.36495188
North,-26.14643335,-154.2384676,5498.48435,Sedimentary,"Clay: 42.98%, Sand: 18.85%, Silt: 38.17%",66,-35.92954846
West,-40.04376706,-28.20033736,2416.313641,Metamorphic,"Clay: 14.10%, Sand: 15.52%, Silt: 70.38%",12,-15.8651675
Central,-39.55995121,-144.6380396,6965.052071,Sedimentary,"Clay: 13.66%, Sand: 46.55%, Silt: 39.79%",71,34.1836923
West,1.944553392,159.1967448,5959.994939,Igneous,"Clay: 10.92%, Sand: 16.83%, Silt: 72.25%",94,-1.800164068
South,-17.66869112,-59.11699648,2811.576647,Metamorphic,"Clay: 23.87%, Sand: 39.45%, Silt: 36.68%",48,-20.21359778
South,-37.95043072,109.2942332,206.4403213,Sedimentary,"Clay: 45.87%, Sand: 36.26%, Silt: 17.88%",52,-21.98545813
Central,84.17599724,-99.63460439,6343.690848,Metamorphic,"Clay: 27.88%, Sand: 10.34%, Silt: 61.78%",74,19.35176759
West,-17.97684776,-94.86738616,765.128424,Sedimentary,"Clay: 45.33%, Sand: 32.08%, Silt: 22.59%",5,39.30930052
North,43.18829062,78.16681477,5312.343622,Igneous,"Clay: 19.84%, Sand: 26.39%, Silt: 53.77%",69,-13.17423883
Central,40.04769233,96.19812617,4862.014935,Igneous,"Clay: 35.40%, Sand: 36.32%, Silt: 28.29%",40,-3.393488095
South,-63.68359686,114.3682152,6344.353073,Sedimentary,"Clay: 32.85%, Sand: 47.29%, Silt: 19.86%",97,18.37901731
South,87.02139779,-142.4043557,7178.146462,Sedimentary,"Clay: 36.70%, Sand: 18.58%, Silt: 44.72%",44,-5.893178889
Central,-16.64410027,40.24114127,7153.340214,Metamorphic,"Clay: 21.89%, Sand: 34.65%, Silt: 43.46%",69,-16.86865461
West,-8.525877272,135.7832372,4104.893395,Sedimentary,"Clay: 45.60%, Sand: 29.26%, Silt: 25.14%",67,40.2204387
South,50.76527131,24.07342333,5839.199336,Igneous,"Clay: 43.95%, Sand: 37.43%, Silt: 18.62%",11,-2.134825026
West,58.96129332,97.57486231,8805.250907,Igneous,"Clay: 33.97%, Sand: 11.80%, Silt: 54.23%",99,26.77267463
South,-57.15165619,-108.7228081,4516.38971,Igneous,"Clay: 44.32%, Sand: 49.91%, Silt: 5.77%",26,-41.48006774
South,-61.21710734,-172.0007735,6363.956434,Metamorphic,"Clay: 30.44%, Sand: 29.57%, Silt: 40.00%",80,4.546514584
East,-44.56113699,155.2923769,845.0315052,Sedimentary,"Clay: 27.90%, Sand: 10.16%, Silt: 61.94%",75,-15.24559962
South,-16.62303681,13.49545785,102.9548123,Metamorphic,"Clay: 35.41%, Sand: 14.26%, Silt: 50.34%",43,28.51531816
North,-50.65900527,-156.1679185,4071.105942,Sedimentary,"Clay: 43.36%, Sand: 12.61%, Silt: 44.02%",98,33.16914851
Central,34.76523281,-133.8313086,5861.134986,Igneous,"Clay: 42.27%, Sand: 38.25%, Silt: 19.48%",60,42.74399152
Central,-62.29404885,132.1133753,3551.248423,Sedimentary,"Clay: 39.75%, Sand: 28.73%, Silt: 31.52%",39,23.64700539
West,-54.59246816,155.9187441,2668.741449,Metamorphic,"Clay: 27.10%, Sand: 49.52%, Silt: 23.37%",21,2.432182484
South,-23.52572834,67.73568172,6341.821214,Sedimentary,"Clay: 30.28%, Sand: 22.01%, Silt: 47.71%",58,-27.27977455
North,65.30655532,-123.4099051,4799.451565,Sedimentary,"Clay: 30.27%, Sand: 29.05%, Silt: 40.69%",16,10.94508848
West,-28.94811001,-176.8213786,7722.543233,Igneous,"Clay: 16.10%, Sand: 25.02%, Silt: 58.88%",39,33.549125
East,-54.11203384,127.3119946,6022.386765,Metamorphic,"Clay: 15.86%, Sand: 23.21%, Silt: 60.93%",27,41.42811722
West,-10.51790307,-6.171208239,8331.730166,Sedimentary,"Clay: 48.58%, Sand: 28.90%, Silt: 22.52%",79,-27.7447637
West,-50.25289496,-57.00063748,5130.188236,Metamorphic,"Clay: 20.67%, Sand: 38.57%, Silt: 40.76%",98,30.89458055
South,-60.99184368,-152.1199795,538.3036656,Igneous,"Clay: 18.01%, Sand: 35.98%, Silt: 46.01%",6,28.1738645
East,77.19104245,-162.2367571,4887.209442,Igneous,"Clay: 31.00%, Sand: 23.12%, Silt: 45.88%",14,-27.55475312
West,84.83217224,19.7693557,3901.535956,Sedimentary,"Clay: 44.61%, Sand: 45.23%, Silt: 10.16%",12,15.54896869
North,70.12621489,-25.12598299,3919.295398,Metamorphic,"Clay: 48.69%, Sand: 36.66%, Silt: 14.65%",46,26.05954583
North,-40.05456556,44.30569893,4100.342182,Igneous,"Clay: 40.85%, Sand: 35.23%, Silt: 23.93%",63,21.56855951
Central,-41.33153683,-123.7843848,3128.936335,Igneous,"Clay: 12.22%, Sand: 17.57%, Silt: 70.21%",21,16.642939
East,85.7481466,133.2015619,859.5335178,Sedimentary,"Clay: 18.19%, Sand: 33.31%, Silt: 48.50%",35,-47.25941244
East,67.49451687,-172.7891935,8659.409261,Igneous,"Clay: 38.49%, Sand: 32.88%, Silt: 28.64%",26,17.94113225
Central,-41.97095764,-34.09159148,2078.915616,Metamorphic,"Clay: 19.81%, Sand: 33.35%, Silt: 46.85%",48,48.90372575
West,-62.02470271,155.3515886,3951.709592,Sedimentary,"Clay: 27.26%, Sand: 11.13%, Silt: 61.60%",79,8.264728816
East,40.74089855,-4.155217267,4114.872605,Sedimentary,"Clay: 25.06%, Sand: 19.30%, Silt: 55.64%",45,-3.734675819
North,5.186373121,-46.8497827,2740.500458,Igneous,"Clay: 45.27%, Sand: 27.53%, Silt: 27.19%",99,-17.96606283
North,-57.70066067,155.979676,3179.002233,Metamorphic,"Clay: 47.66%, Sand: 19.98%, Silt: 32.36%",16,2.114797121
South,73.83648408,-31.65099448,431.1897775,Metamorphic,"Clay: 29.71%, Sand: 18.97%, Silt: 51.32%",32,18.5883041
East,67.38986428,89.76569479,3245.388173,Sedimentary,"Clay: 20.64%, Sand: 45.26%, Silt: 34.10%",84,47.76006631
West,-18.88048148,-131.8190322,480.699162,Igneous,"Clay: 35.61%, Sand: 15.62%, Silt: 48.77%",7,46.84616382
Central,44.72707619,33.76142104,3314.988896,Metamorphic,"Clay: 10.64%, Sand: 23.61%, Silt: 65.75%",27,-2.558076993
Central,-77.96097038,143.4448089,2398.490092,Igneous,"Clay: 15.16%, Sand: 15.75%, Silt: 69.09%",69,33.89277933
West,86.84618764,-72.16757931,2799.547434,Igneous,"Clay: 23.95%, Sand: 12.35%, Silt: 63.70%",11,-13.0871446
South,70.26788674,-120.394106,5584.199001,Metamorphic,"Clay: 32.55%, Sand: 42.16%, Silt: 25.30%",98,-24.70539017
Central,47.71907237,-21.00477163,2692.66961,Igneous,"Clay: 40.63%, Sand: 13.26%, Silt: 46.11%",62,38.15777001
East,35.18927348,-115.7054607,6252.956563,Sedimentary,"Clay: 13.96%, Sand: 20.82%, Silt: 65.22%",58,5.966812804
South,-60.27297333,-56.14712736,6422.695968,Sedimentary,"Clay: 45.77%, Sand: 20.94%, Silt: 33.29%",78,27.48376385
East,-46.23016669,-23.6900272,195.9258221,Igneous,"Clay: 23.55%, Sand: 27.31%, Silt: 49.13%",2,27.84064743
North,-5.825121466,-154.9155972,4575.574883,Igneous,"Clay: 23.08%, Sand: 32.01%, Silt: 44.91%",76,-29.29242684
South,75.48906605,-113.1097309,3966.862353,Sedimentary,"Clay: 11.39%, Sand: 24.55%, Silt: 64.06%",96,42.83487104
Central,1.325822183,-141.0373673,4359.079985,Sedimentary,"Clay: 36.85%, Sand: 41.55%, Silt: 21.60%",90,-12.25388143
South,-49.1530765,14.84663371,7562.911949,Sedimentary,"Clay: 49.37%, Sand: 49.75%, Silt: 0.88%",13,40.08523115
South,-54.62633315,45.67255462,7287.877873,Metamorphic,"Clay: 10.70%, Sand: 30.42%, Silt: 58.88%",84,-24.54122724
South,-44.73537183,-24.52259914,6824.13558,Igneous,"Clay: 49.42%, Sand: 28.00%, Silt: 22.58%",11,40.6291144
South,32.44097955,176.8014746,8382.169295,Igneous,"Clay: 32.81%, Sand: 48.48%, Silt: 18.70%",58,15.3254372
East,50.14083827,72.95462322,4914.44115,Sedimentary,"Clay: 36.62%, Sand: 23.04%, Silt: 40.34%",63,-17.68712798
North,-37.43367852,107.5363482,171.805655,Igneous,"Clay: 28.72%, Sand: 18.69%, Silt: 52.59%",95,-47.13830502
West,-85.61603959,135.6814007,7646.761943,Metamorphic,"Clay: 48.92%, Sand: 12.06%, Silt: 39.02%",42,8.15738827
South,51.46878315,58.72564665,1480.674916,Sedimentary,"Clay: 16.88%, Sand: 43.43%, Silt: 39.69%",6,43.83988372
Central,-6.50418707,133.8541166,3671.642007,Sedimentary,"Clay: 42.32%, Sand: 27.08%, Silt: 30.60%",8,19.66365657
South,-79.23871092,-26.71187025,1153.219202,Igneous,"Clay: 42.00%, Sand: 47.93%, Silt: 10.07%",45,-37.61531478
Central,71.84512519,53.69707783,2774.253452,Sedimentary,"Clay: 43.29%, Sand: 26.86%, Silt: 29.85%",76,-9.302232739
East,-39.95399096,-75.23637862,686.9842184,Sedimentary,"Clay: 33.43%, Sand: 29.90%, Silt: 36.67%",44,-48.97200668
Central,79.9498449,-16.17192822,1269.962344,Metamorphic,"Clay: 15.45%, Sand: 48.42%, Silt: 36.13%",74,-15.44298037
West,72.00967337,141.9461854,4013.923407,Igneous,"Clay: 42.61%, Sand: 43.60%, Silt: 13.79%",81,-38.77176028
North,-51.58480943,58.31308553,5234.787917,Metamorphic,"Clay: 37.84%, Sand: 40.14%, Silt: 22.01%",66,-27.79309892
Central,20.97286936,13.3534793,3856.87094,Sedimentary,"Clay: 35.21%, Sand: 20.85%, Silt: 43.93%",88,-22.88055617
Central,40.49806529,1.987285828,2654.213275,Igneous,"Clay: 31.86%, Sand: 41.11%, Silt: 27.02%",31,43.91046493
North,-51.72620269,-16.19551751,8049.09522,Metamorphic,"Clay: 38.04%, Sand: 27.34%, Silt: 34.62%",74,9.250320409
West,-46.4644876,50.38243493,643.9231719,Sedimentary,"Clay: 11.32%, Sand: 43.25%, Silt: 45.43%",64,41.52759539
South,-20.40504158,-133.3806855,5736.577928,Metamorphic,"Clay: 21.26%, Sand: 42.74%, Silt: 36.00%",57,0.207749658
Central,-39.14213564,-63.60314342,2988.565615,Metamorphic,"Clay: 12.46%, Sand: 11.47%, Silt: 76.07%",53,44.97174283
North,22.69272009,-166.1323964,4036.675221,Sedimentary,"Clay: 18.08%, Sand: 49.54%, Silt: 32.38%",26,26.89138786
East,-53.52703925,-26.21795608,4482.448535,Sedimentary,"Clay: 21.98%, Sand: 36.39%, Silt: 41.63%",39,13.98073372
North,-73.82336621,50.13124404,2217.230862,Metamorphic,"Clay: 44.05%, Sand: 22.32%, Silt: 33.63%",21,-48.83720228
East,56.1315813,17.73788865,4423.461616,Igneous,"Clay: 33.26%, Sand: 33.08%, Silt: 33.66%",50,-24.59837312
West,-75.34776398,148.7156344,6832.289173,Metamorphic,"Clay: 47.38%, Sand: 11.49%, Silt: 41.13%",58,2.584974109
South,63.52787424,-166.6218076,1361.574654,Metamorphic,"Clay: 32.27%, Sand: 19.73%, Silt: 48.00%",45,37.93761216
North,69.98178343,150.3273957,6026.45066,Sedimentary,"Clay: 47.44%, Sand: 12.94%, Silt: 39.62%",33,17.06237825
Central,-10.33319286,130.528642,874.1782485,Sedimentary,"Clay: 32.75%, Sand: 18.69%, Silt: 48.56%",93,-47.96061669
West,34.57208387,-67.51113296,3186.12268,Igneous,"Clay: 45.46%, Sand: 22.61%, Silt: 31.93%",36,46.9839998
North,-29.79472771,-41.61432074,7925.556677,Sedimentary,"Clay: 33.03%, Sand: 23.18%, Silt: 43.79%",65,41.56090777
Central,49.69147453,78.53889395,6210.319788,Sedimentary,"Clay: 45.78%, Sand: 15.81%, Silt: 38.41%",94,24.20102752
North,-58.02348028,133.0532984,7564.156793,Igneous,"Clay: 34.35%, Sand: 16.98%, Silt: 48.68%",13,13.5420231
East,36.00175564,-32.71375402,3537.115535,Metamorphic,"Clay: 49.77%, Sand: 49.27%, Silt: 0.96%",51,-37.96009099
North,19.89427821,-171.8058413,8668.562188,Igneous,"Clay: 41.47%, Sand: 27.81%, Silt: 30.72%",88,-47.00831822
North,-47.36346047,150.3469755,8575.555706,Sedimentary,"Clay: 27.07%, Sand: 40.68%, Silt: 32.25%",25,-26.79534027
West,63.35523985,62.8348693,7634.937038,Igneous,"Clay: 15.15%, Sand: 21.91%, Silt: 62.94%",67,49.98449757
